Oid;Id;AccountId;ChangeTimestamp;ClientId;ChangeAmount;Balance;WithdrawTransferLimit;Comment;ReasonType;EventSourceId;LegalEntity;AuditLog;Instrument;TradingDate;CorrelationId
8354018;83RRIOVDHK-update-balance;202140115;2022-10-13 02:13:12.287;21e6a361d159452992364d2142650508;4.600000000000;29805.440000000000;0.000000000000;Balance changed on position close (id = 83RRIOVDHK);RealizedPnL;83RRIOVDHK;Default;;CFD_DE_MINIDAX;2022-10-13 00:00:00.000;pump-CFD_DE_MINIDAX-20f22069087b4746bef40326b9f548b4
8355487;P6BSK6VLP4-update-balance;202140115;2022-10-13 07:06:12.760;21e6a361d159452992364d2142650508;29.100000000000;29794.090000000000;0.000000000000;Balance changed on position close (id = P6BSK6VLP4);RealizedPnL;P6BSK6VLP4;Default;;CFD_DE_MINIDAX;2022-10-13 00:00:00.000;positions-delete-P6BSK6VLP4-4246edb4a4054d6a9d26990f3c57bced
8354003;MBXCW3PR63-update-balance;202143851;2022-10-13 01:00:11.860;4bf21a8ac51d469e9e539605d3dfdf10;2.270000000000;24580.340000000000;0.000000000000;Balance changed on position close (id = MBXCW3PR63);RealizedPnL;MBXCW3PR63;Default;;CFD_DE_MINIDAX;2022-10-13 00:00:00.000;pump-CFD_DE_MINIDAX-dadc64767430494cb658ade6138716a8
8355377;UNNSWPZBOL-update-balance;202143851;2022-10-13 06:51:14.620;4bf21a8ac51d469e9e539605d3dfdf10;1.500000000000;24581.840000000000;0.000000000000;Balance changed on position close (id = UNNSWPZBOL);RealizedPnL;UNNSWPZBOL;Default;;CFD_DE_MINIDAX;2022-10-13 00:00:00.000;pump-CFD_DE_MINIDAX-d09ce9fbb4ec41049207ce367c50ca19
8355379;D4EBCS3MC2-update-balance;202143851;2022-10-13 06:51:20.613;4bf21a8ac51d469e9e539605d3dfdf10;1.400000000000;24583.240000000000;0.000000000000;Balance changed on position close (id = D4EBCS3MC2);RealizedPnL;D4EBCS3MC2;Default;;CFD_DE_MINIDAX;2022-10-13 00:00:00.000;pump-CFD_DE_MINIDAX-de4a015484f14bb1a53e4f705229279a
8355381;3HN880O6IE-update-balance;202143851;2022-10-13 06:51:45.080;4bf21a8ac51d469e9e539605d3dfdf10;1.400000000000;24584.640000000000;0.000000000000;Balance changed on position close (id = 3HN880O6IE);RealizedPnL;3HN880O6IE;Default;;CFD_DE_MINIDAX;2022-10-13 00:00:00.000;pump-CFD_DE_MINIDAX-0c597975e197438282282fd179f42a96
8355384;9HWDJB7M1B-update-balance;202143851;2022-10-13 06:52:48.607;4bf21a8ac51d469e9e539605d3dfdf10;1.000000000000;24585.640000000000;0.000000000000;Balance changed on position close (id = 9HWDJB7M1B);RealizedPnL;9HWDJB7M1B;Default;;CFD_DE_MINIDAX;2022-10-13 00:00:00.000;pump-CFD_DE_MINIDAX-376f8ce08a93448f8403fee45fe98cb3
8355473;XINEISB82C-update-balance;202143851;2022-10-13 07:04:28.023;4bf21a8ac51d469e9e539605d3dfdf10;1.500000000000;24587.140000000000;0.000000000000;Balance changed on position close (id = XINEISB82C);RealizedPnL;XINEISB82C;Default;;CFD_DE_MINIDAX;2022-10-13 00:00:00.000;pump-CFD_DE_MINIDAX-ff5a5f1769e543c4bfe947cd6376d4e5
8355503;9UV5UIE35Z-update-balance;202143851;2022-10-13 07:08:54.300;4bf21a8ac51d469e9e539605d3dfdf10;1.750000000000;24588.890000000000;0.000000000000;Balance changed on position close (id = 9UV5UIE35Z);RealizedPnL;9UV5UIE35Z;Default;;CFD_DE_MINIDAX;2022-10-13 00:00:00.000;pump-CFD_DE_MINIDAX-7f89f6f33b0445fd9812aea9268d4178
8355507;0VY62M2ASB-update-balance;202143851;2022-10-13 07:08:56.727;4bf21a8ac51d469e9e539605d3dfdf10;2.050000000000;24590.940000000000;0.000000000000;Balance changed on position close (id = 0VY62M2ASB);RealizedPnL;0VY62M2ASB;Default;;CFD_DE_MINIDAX;2022-10-13 00:00:00.000;pump-CFD_DE_MINIDAX-60a9b29793f94978a37860a2452a71fb
8355508;6WJ3R7HY65-update-balance;202143851;2022-10-13 07:08:57.437;4bf21a8ac51d469e9e539605d3dfdf10;1.750000000000;24592.690000000000;0.000000000000;Balance changed on position close (id = 6WJ3R7HY65);RealizedPnL;6WJ3R7HY65;Default;;CFD_DE_MINIDAX;2022-10-13 00:00:00.000;pump-CFD_DE_MINIDAX-3b55d5315c234e2f90611562d80bd550
8355513;MNCXIQBY4K-update-balance;202143851;2022-10-13 07:09:21.303;4bf21a8ac51d469e9e539605d3dfdf10;2.350000000000;24595.040000000000;0.000000000000;Balance changed on position close (id = MNCXIQBY4K);RealizedPnL;MNCXIQBY4K;Default;;CFD_DE_MINIDAX;2022-10-13 00:00:00.000;pump-CFD_DE_MINIDAX-ad63942b68f54c4d912c51c24a257e45
8355528;YE7EZSMV4P-update-balance;202143851;2022-10-13 07:13:22.050;4bf21a8ac51d469e9e539605d3dfdf10;3.200000000000;24598.240000000000;0.000000000000;Balance changed on position close (id = YE7EZSMV4P);RealizedPnL;YE7EZSMV4P;Default;;CFD_DE_MINIDAX;2022-10-13 00:00:00.000;pump-CFD_DE_MINIDAX-a3af44f686bf440da8ea167e4270646a
8355531;B034XLF9TG-update-balance;202143851;2022-10-13 07:13:22.193;4bf21a8ac51d469e9e539605d3dfdf10;3.200000000000;24601.440000000000;0.000000000000;Balance changed on position close (id = B034XLF9TG);RealizedPnL;B034XLF9TG;Default;;CFD_DE_MINIDAX;2022-10-13 00:00:00.000;pump-CFD_DE_MINIDAX-a3af44f686bf440da8ea167e4270646a
8355533;8ZGLBJ03LI-update-balance;202143851;2022-10-13 07:13:22.467;4bf21a8ac51d469e9e539605d3dfdf10;3.850000000000;24605.290000000000;0.000000000000;Balance changed on position close (id = 8ZGLBJ03LI);RealizedPnL;8ZGLBJ03LI;Default;;CFD_DE_MINIDAX;2022-10-13 00:00:00.000;pump-CFD_DE_MINIDAX-f660b248bcce49cd941223bac87b61f2
8355535;8VWOT41SAD-update-balance;202143851;2022-10-13 07:13:30.627;4bf21a8ac51d469e9e539605d3dfdf10;4.400000000000;24609.690000000000;0.000000000000;Balance changed on position close (id = 8VWOT41SAD);RealizedPnL;8VWOT41SAD;Default;;CFD_DE_MINIDAX;2022-10-13 00:00:00.000;pump-CFD_DE_MINIDAX-4be2fb9e826845e1951fa0d35fe10bfc
8355539;CGUWWW515Q-update-balance;202143851;2022-10-13 07:13:37.307;4bf21a8ac51d469e9e539605d3dfdf10;2.550000000000;24612.240000000000;0.000000000000;Balance changed on position close (id = CGUWWW515Q);RealizedPnL;CGUWWW515Q;Default;;CFD_DE_MINIDAX;2022-10-13 00:00:00.000;pump-CFD_DE_MINIDAX-4063d3219d94451895c21bdb82acae81
8355554;ZJVT79HWSQ-update-balance;202143851;2022-10-13 07:15:09.553;4bf21a8ac51d469e9e539605d3dfdf10;1.390000000000;24613.630000000000;0.000000000000;Balance changed on position close (id = ZJVT79HWSQ);RealizedPnL;ZJVT79HWSQ;Default;;CFD_DE_MINIDAX;2022-10-13 00:00:00.000;pump-CFD_DE_MINIDAX-3c4a87b2d3734fa8b873673a8828e76b
8355555;NWTJ4JHUOU-update-balance;202143851;2022-10-13 07:15:10.683;4bf21a8ac51d469e9e539605d3dfdf10;1.740000000000;24615.370000000000;0.000000000000;Balance changed on position close (id = NWTJ4JHUOU);RealizedPnL;NWTJ4JHUOU;Default;;CFD_DE_MINIDAX;2022-10-13 00:00:00.000;pump-CFD_DE_MINIDAX-8b66a3f8e7cd4c5f9611de259a5683af
8355570;TKR4HKYL4O-update-balance;202143851;2022-10-13 07:18:51.273;4bf21a8ac51d469e9e539605d3dfdf10;3.140000000000;24618.510000000000;0.000000000000;Balance changed on position close (id = TKR4HKYL4O);RealizedPnL;TKR4HKYL4O;Default;;CFD_DE_MINIDAX;2022-10-13 00:00:00.000;pump-CFD_DE_MINIDAX-56e798bd447c4c36b8156c84fce03493
8355579;R1JM8D8SZN-update-balance;202143851;2022-10-13 07:20:08.777;4bf21a8ac51d469e9e539605d3dfdf10;2.490000000000;24621.000000000000;0.000000000000;Balance changed on position close (id = R1JM8D8SZN);RealizedPnL;R1JM8D8SZN;Default;;CFD_DE_MINIDAX;2022-10-13 00:00:00.000;pump-CFD_DE_MINIDAX-ed4c94e9f0f54ae2aaa27683548c975e
8355580;4A6HEZ7VGC-update-balance;202143851;2022-10-13 07:20:13.127;4bf21a8ac51d469e9e539605d3dfdf10;2.190000000000;24623.190000000000;0.000000000000;Balance changed on position close (id = 4A6HEZ7VGC);RealizedPnL;4A6HEZ7VGC;Default;;CFD_DE_MINIDAX;2022-10-13 00:00:00.000;pump-CFD_DE_MINIDAX-a6c356324a904b0584034f111267c16d
8355585;CZZXNN6W4P-update-balance;202143851;2022-10-13 07:20:26.703;4bf21a8ac51d469e9e539605d3dfdf10;2.540000000000;24625.730000000000;0.000000000000;Balance changed on position close (id = CZZXNN6W4P);RealizedPnL;CZZXNN6W4P;Default;;CFD_DE_MINIDAX;2022-10-13 00:00:00.000;pump-CFD_DE_MINIDAX-fd1fce81e5c44ce696a70bcb432da93a
8355612;ZM3WTVO649-update-balance;202143851;2022-10-13 07:27:16.227;4bf21a8ac51d469e9e539605d3dfdf10;3.290000000000;24629.020000000000;0.000000000000;Balance changed on position close (id = ZM3WTVO649);RealizedPnL;ZM3WTVO649;Default;;CFD_DE_MINIDAX;2022-10-13 00:00:00.000;pump-CFD_DE_MINIDAX-0b41b9b364154621b7dc2ece03133814
8355617;R2O3A1MW7C-update-balance;202143851;2022-10-13 07:28:13.347;4bf21a8ac51d469e9e539605d3dfdf10;3.740000000000;24632.760000000000;0.000000000000;Balance changed on position close (id = R2O3A1MW7C);RealizedPnL;R2O3A1MW7C;Default;;CFD_DE_MINIDAX;2022-10-13 00:00:00.000;pump-CFD_DE_MINIDAX-5d845ae1869242febe70750a18bd79ac
8355685;8EDF33M4N9-update-balance;202143851;2022-10-13 07:42:34.393;4bf21a8ac51d469e9e539605d3dfdf10;4.190000000000;24636.950000000000;0.000000000000;Balance changed on position close (id = 8EDF33M4N9);RealizedPnL;8EDF33M4N9;Default;;CFD_DE_MINIDAX;2022-10-13 00:00:00.000;pump-CFD_DE_MINIDAX-4ef07d9bceec4af7b32e6fbbc6d1ddbf
8355689;CZ8IDBGGWB-update-balance;202143851;2022-10-13 07:43:36.900;4bf21a8ac51d469e9e539605d3dfdf10;4.740000000000;24641.690000000000;0.000000000000;Balance changed on position close (id = CZ8IDBGGWB);RealizedPnL;CZ8IDBGGWB;Default;;CFD_DE_MINIDAX;2022-10-13 00:00:00.000;pump-CFD_DE_MINIDAX-200b8719d3304927a03c47b95e29bbce
8355796;RTS7H6O2PC-update-balance;202143851;2022-10-13 08:30:31.217;4bf21a8ac51d469e9e539605d3dfdf10;5.040000000000;24646.730000000000;0.000000000000;Balance changed on position close (id = RTS7H6O2PC);RealizedPnL;RTS7H6O2PC;Default;;CFD_DE_MINIDAX;2022-10-13 00:00:00.000;pump-CFD_DE_MINIDAX-a49e02de32b04b98b9be82cf01544ed2
8355804;1J2LZTZSH0-update-balance;202143851;2022-10-13 08:30:55.637;4bf21a8ac51d469e9e539605d3dfdf10;6.690000000000;24653.420000000000;0.000000000000;Balance changed on position close (id = 1J2LZTZSH0);RealizedPnL;1J2LZTZSH0;Default;;CFD_DE_MINIDAX;2022-10-13 00:00:00.000;pump-CFD_DE_MINIDAX-8f4ac2ae8bb342449aef6a5de9fff87b
8355818;ZIY4AZ8W4B-update-balance;202143851;2022-10-13 08:33:27.677;4bf21a8ac51d469e9e539605d3dfdf10;6.140000000000;24659.560000000000;0.000000000000;Balance changed on position close (id = ZIY4AZ8W4B);RealizedPnL;ZIY4AZ8W4B;Default;;CFD_DE_MINIDAX;2022-10-13 00:00:00.000;pump-CFD_DE_MINIDAX-53d7dcd35b8642e4a2304f5d667675f3
8355834;FE0HE6S3PL-update-balance;202143851;2022-10-13 08:40:11.780;4bf21a8ac51d469e9e539605d3dfdf10;7.690000000000;24667.250000000000;0.000000000000;Balance changed on position close (id = FE0HE6S3PL);RealizedPnL;FE0HE6S3PL;Default;;CFD_DE_MINIDAX;2022-10-13 00:00:00.000;pump-CFD_DE_MINIDAX-3e6db1efa3de444785ec11cc4ba1670c
8355842;ZM1IZYL813-update-balance;202143851;2022-10-13 08:44:15.263;4bf21a8ac51d469e9e539605d3dfdf10;6.910000000000;24674.160000000000;0.000000000000;Balance changed on position close (id = ZM1IZYL813);RealizedPnL;ZM1IZYL813;Default;;CFD_DE_MINIDAX;2022-10-13 00:00:00.000;pump-CFD_DE_MINIDAX-a5c925587a024d1695b7dec0fc352c88
8355857;C7YGBQFC98-update-balance;202143851;2022-10-13 08:54:34.283;4bf21a8ac51d469e9e539605d3dfdf10;8.630000000000;24682.790000000000;0.000000000000;Balance changed on position close (id = C7YGBQFC98);RealizedPnL;C7YGBQFC98;Default;;CFD_DE_MINIDAX;2022-10-13 00:00:00.000;pump-CFD_DE_MINIDAX-810eb7caed2649a9920de71a4aa1255d
8355859;SVIDA7ECTI-update-balance;202143851;2022-10-13 08:55:52.127;4bf21a8ac51d469e9e539605d3dfdf10;7.860000000000;24690.650000000000;0.000000000000;Balance changed on position close (id = SVIDA7ECTI);RealizedPnL;SVIDA7ECTI;Default;;CFD_DE_MINIDAX;2022-10-13 00:00:00.000;pump-CFD_DE_MINIDAX-4b178b16a6de405c9be96f503deabb47
8354037;A2NLSN21V0-update-balance;202147974;2022-10-13 02:44:53.187;8233886141094ed9965c9451c3d83fa8;-0.830000000000;422.600000000000;0.000000000000;Balance changed on position close (id = A2NLSN21V0);RealizedPnL;A2NLSN21V0;Default;;CFD_US_NGJan23;2022-10-13 00:00:00.000;pump-CFD_US_NGJan23-34d86114d55b4fb38bd9fb8b1348435c
8355468;LEAFHTXGAN-update-balance;202147974;2022-10-13 07:04:15.977;8233886141094ed9965c9451c3d83fa8;-3.530000000000;416.140000000000;0.000000000000;Balance changed on position close (id = LEAFHTXGAN);RealizedPnL;LEAFHTXGAN;Default;;CFD_US_SPX;2022-10-13 00:00:00.000;pump-CFD_US_NGJan23-c4db75091a6b4256a0f2c0a03a238b67
8354013;Q2HKE1VBTM-update-balance;202148715;2022-10-13 01:13:22.267;7a309300b1894cdb9457d930c9b2bba9;6.330000000000;31023.810000000000;0.000000000000;Balance changed on position close (id = Q2HKE1VBTM);RealizedPnL;Q2HKE1VBTM;Default;;CFD_US_MININDX;2022-10-13 00:00:00.000;pump-CFD_US_MININDX-7b8b195657284942a14b7efadd82df91
8354017;36CBR4CJPM-update-balance;202148715;2022-10-13 02:13:11.013;7a309300b1894cdb9457d930c9b2bba9;0.960000000000;31024.770000000000;0.000000000000;Balance changed on position close (id = 36CBR4CJPM);RealizedPnL;36CBR4CJPM;Default;;CFD_US_MININDX;2022-10-13 00:00:00.000;pump-CFD_US_MININDX-121688c10f41408983145e4d2000d101
8355305;9I5UM504G3-update-balance;202151025;2022-10-13 04:38:32.403;5f2028c2f1794d1a92f096fa470aaf05;29.460000000000;4528.700000000000;0.000000000000;Balance changed on position close (id = 9I5UM504G3);RealizedPnL;9I5UM504G3;Default;;CFD_DE_DAX;2022-10-13 00:00:00.000;positions-delete-9I5UM504G3-64d8ab312aab42e18759a88378255768
8355311;DITFTN28FH-update-balance;202151025;2022-10-13 05:06:57.137;5f2028c2f1794d1a92f096fa470aaf05;10.480000000000;4539.180000000000;0.000000000000;Balance changed on position close (id = DITFTN28FH);RealizedPnL;DITFTN28FH;Default;;CFD_DE_DAX;2022-10-13 00:00:00.000;positions-delete-DITFTN28FH-c9e0d13917d5433c835cb1a91b529869
8355318;L9QSZF9TBV-update-balance;202151283;2022-10-13 05:51:52.577;06ab3fd639054d40872449675c0944a4;-18.490000000000;5190.690000000000;0.000000000000;Balance changed on position close (id = L9QSZF9TBV);RealizedPnL;L9QSZF9TBV;Default;;CFD_US_INDU;2022-10-13 00:00:00.000;pump-CFD_US_INDU-877e8bf4f47e4612bbc2e82c0388de8e
8354002;SNTTNQT0RK-update-balance;202152110;2022-10-13 01:00:11.847;80ed529c61c247c28f6419fb65c18b1f;-0.260000000000;351.260000000000;0.000000000000;Balance changed on position close (id = SNTTNQT0RK);RealizedPnL;SNTTNQT0RK;Default;;CFD_US_NGNov22;2022-10-13 00:00:00.000;pump-CFD_US_NGNov22-7fd3c34223a646f281efeea69948c0b9
8354005;DTDG88RAG9-update-balance;202152110;2022-10-13 01:00:14.817;80ed529c61c247c28f6419fb65c18b1f;-0.150000000000;351.110000000000;0.000000000000;Balance changed on position close (id = DTDG88RAG9);RealizedPnL;DTDG88RAG9;Default;;CFD_US_WTINov22;2022-10-13 00:00:00.000;pump-CFD_US_WTINov22-2da0aa23c90046958dbf0614484f19c8
8355354;NYARRXQURM-update-balance;202152110;2022-10-13 06:29:38.593;80ed529c61c247c28f6419fb65c18b1f;-1.050000000000;350.060000000000;0.000000000000;Balance changed on position close (id = NYARRXQURM);RealizedPnL;NYARRXQURM;Default;;CFD_DE_MINIDAX;2022-10-13 00:00:00.000;positions-delete-CFD_DE_MINIDAX-220c7d46676a4b87a07714fcd1536163
8355371;BZEFTIGNVH-update-balance;202152110;2022-10-13 06:41:09.233;80ed529c61c247c28f6419fb65c18b1f;-0.700000000000;349.360000000000;0.000000000000;Balance changed on position close (id = BZEFTIGNVH);RealizedPnL;BZEFTIGNVH;Default;;CFD_DE_MINIDAX;2022-10-13 00:00:00.000;positions-delete-CFD_DE_MINIDAX-3d5a4c462c2e462a87ce6e884fdb97c1
8355374;FJKUQZOS2N-update-balance;202152110;2022-10-13 06:46:14.283;80ed529c61c247c28f6419fb65c18b1f;-1.150000000000;348.210000000000;0.000000000000;Balance changed on position close (id = FJKUQZOS2N);RealizedPnL;FJKUQZOS2N;Default;;CFD_DE_MINIDAX;2022-10-13 00:00:00.000;positions-delete-CFD_DE_MINIDAX-883e71f155dc4b879e852cdf95b85ae7
8355387;GUXDPWBZD2-update-balance;202152110;2022-10-13 06:53:53.210;80ed529c61c247c28f6419fb65c18b1f;0.100000000000;348.310000000000;0.000000000000;Balance changed on position close (id = GUXDPWBZD2);RealizedPnL;GUXDPWBZD2;Default;;CFD_DE_MINIDAX;2022-10-13 00:00:00.000;positions-delete-CFD_DE_MINIDAX-c0b8f0e9b389437381ddc87e148bf1e0
8355401;QJVLLZTXDR-update-balance;202152110;2022-10-13 07:00:08.230;80ed529c61c247c28f6419fb65c18b1f;-1.940000000000;346.370000000000;0.000000000000;Balance changed on position close (id = QJVLLZTXDR);RealizedPnL;QJVLLZTXDR;Default;;CFD_US_MININDX;2022-10-13 00:00:00.000;positions-delete-CFD_US_MININDX-e752a57f766f408aa09f174c90e52e89
8355406;Q1EK27TA39-update-balance;202152110;2022-10-13 07:00:49.870;80ed529c61c247c28f6419fb65c18b1f;1.000000000000;347.370000000000;0.000000000000;Balance changed on position close (id = Q1EK27TA39);RealizedPnL;Q1EK27TA39;Default;;CFD_DE_MINIDAX;2022-10-13 00:00:00.000;positions-delete-CFD_DE_MINIDAX-d5b878054e574dedb6aa2b9176e6d9b6
8355444;Y79802RTYN-update-balance;202152110;2022-10-13 07:02:57.650;80ed529c61c247c28f6419fb65c18b1f;-1.370000000000;346.000000000000;0.000000000000;Balance changed on position close (id = Y79802RTYN);RealizedPnL;Y79802RTYN;Default;;CFD_US_MININDX;2022-10-13 00:00:00.000;positions-delete-CFD_US_MININDX-69b9b93b9433466cb83e0ca54f048019
8355464;H9F3K8OUG3-update-balance;202152110;2022-10-13 07:04:00.887;80ed529c61c247c28f6419fb65c18b1f;-0.700000000000;345.300000000000;0.000000000000;Balance changed on position close (id = H9F3K8OUG3);RealizedPnL;H9F3K8OUG3;Default;;CFD_DE_MINIDAX;2022-10-13 00:00:00.000;positions-delete-CFD_DE_MINIDAX-cb1c4f97cd6d4298a4c22cc5de6c222c
8355479;FNG7VGNNZ1-update-balance;202152110;2022-10-13 07:05:30.787;80ed529c61c247c28f6419fb65c18b1f;-0.230000000000;345.070000000000;0.000000000000;Balance changed on position close (id = FNG7VGNNZ1);RealizedPnL;FNG7VGNNZ1;Default;;CFD_US_NGNov22;2022-10-13 00:00:00.000;pump-CFD_US_NGNov22-27d087eb752a40dcb8462bab473a26c8
8355490;XXZACO8CHY-update-balance;202152110;2022-10-13 07:07:09.377;80ed529c61c247c28f6419fb65c18b1f;-1.150000000000;343.920000000000;0.000000000000;Balance changed on position close (id = XXZACO8CHY);RealizedPnL;XXZACO8CHY;Default;;CFD_DE_MINIDAX;2022-10-13 00:00:00.000;positions-delete-CFD_DE_MINIDAX-0b81e4b500a144e1b4627b0f8d1fac95
8355509;EK7GK9XMEF-update-balance;202152110;2022-10-13 07:08:58.893;80ed529c61c247c28f6419fb65c18b1f;-2.060000000000;341.860000000000;0.000000000000;Balance changed on position close (id = EK7GK9XMEF);RealizedPnL;EK7GK9XMEF;Default;;CFD_US_XGAUSDFX;2022-10-13 00:00:00.000;pump-CFD_US_XGAUSDFX-d0f697f597f7461ebdbf13e6289f6adf
8355563;O3F5PRVKGE-update-balance;202152110;2022-10-13 07:17:27.607;80ed529c61c247c28f6419fb65c18b1f;2.100000000000;343.960000000000;0.000000000000;Balance changed on position close (id = O3F5PRVKGE);RealizedPnL;O3F5PRVKGE;Default;;CFD_DE_MINIDAX;2022-10-13 00:00:00.000;positions-delete-CFD_DE_MINIDAX-51b9ead0b19c427c8ca50f511b286cc6
8355594;QANJUFKT0N-update-balance;202152110;2022-10-13 07:22:02.593;80ed529c61c247c28f6419fb65c18b1f;-0.800000000000;343.160000000000;0.000000000000;Balance changed on position close (id = QANJUFKT0N);RealizedPnL;QANJUFKT0N;Default;;CFD_DE_MINIDAX;2022-10-13 00:00:00.000;positions-delete-CFD_DE_MINIDAX-dbdcc1f7a23b42ecb8de5be4961c16b2
8355597;ZN8O2175HG-update-balance;202152110;2022-10-13 07:22:29.667;80ed529c61c247c28f6419fb65c18b1f;-0.880000000000;342.280000000000;0.000000000000;Balance changed on position close (id = ZN8O2175HG);RealizedPnL;ZN8O2175HG;Default;;CFD_US_MININDX;2022-10-13 00:00:00.000;positions-delete-CFD_US_MININDX-e79374ea41244bba8ab4874ab3a9d723
8355600;X7NOYIO9D3-update-balance;202152110;2022-10-13 07:23:05.640;80ed529c61c247c28f6419fb65c18b1f;0.390000000000;342.670000000000;0.000000000000;Balance changed on position close (id = X7NOYIO9D3);RealizedPnL;X7NOYIO9D3;Default;;CFD_US_WTINov22;2022-10-13 00:00:00.000;positions-delete-CFD_US_WTINov22-91fec1b2d4004411b7299166ad157c57
8355637;GP3WBBO4XL-update-balance;202152110;2022-10-13 07:31:05.473;80ed529c61c247c28f6419fb65c18b1f;-1.650000000000;341.020000000000;0.000000000000;Balance changed on position close (id = GP3WBBO4XL);RealizedPnL;GP3WBBO4XL;Default;;CFD_US_MININDX;2022-10-13 00:00:00.000;pump-CFD_US_MININDX-02be6443545b4dcf89538a4e5e83952f
8355640;80ESBTP1V5-update-balance;202152110;2022-10-13 07:31:24.770;80ed529c61c247c28f6419fb65c18b1f;-0.090000000000;340.930000000000;0.000000000000;Balance changed on position close (id = 80ESBTP1V5);RealizedPnL;80ESBTP1V5;Default;;CFD_US_WTINov22;2022-10-13 00:00:00.000;positions-delete-CFD_US_WTINov22-5a8d5da160a4488e9882b3570ed5b3eb
8355648;CP8KY0T0SJ-update-balance;202152110;2022-10-13 07:33:01.420;80ed529c61c247c28f6419fb65c18b1f;-0.860000000000;340.070000000000;0.000000000000;Balance changed on position close (id = CP8KY0T0SJ);RealizedPnL;CP8KY0T0SJ;Default;;CFD_US_MININDX;2022-10-13 00:00:00.000;positions-delete-CFD_US_MININDX-8b1eefcdd4c24ae78711e771921441a9
8355651;XVI6CWO3KQ-update-balance;202152110;2022-10-13 07:33:29.043;80ed529c61c247c28f6419fb65c18b1f;-0.110000000000;339.960000000000;0.000000000000;Balance changed on position close (id = XVI6CWO3KQ);RealizedPnL;XVI6CWO3KQ;Default;;CFD_US_WTINov22;2022-10-13 00:00:00.000;positions-delete-CFD_US_WTINov22-f2f4bdbe1e29416fa8d02553bf9b69a5
8355658;4QDUYS94DW-update-balance;202152110;2022-10-13 07:34:26.677;80ed529c61c247c28f6419fb65c18b1f;-0.180000000000;339.780000000000;0.000000000000;Balance changed on position close (id = 4QDUYS94DW);RealizedPnL;4QDUYS94DW;Default;;CFD_US_WTINov22;2022-10-13 00:00:00.000;positions-delete-CFD_US_WTINov22-709c65047d134b24bf51a365d102afd1
8355668;AOR55MFTO7-update-balance;202152110;2022-10-13 07:37:52.790;80ed529c61c247c28f6419fb65c18b1f;-0.150000000000;339.630000000000;0.000000000000;Balance changed on position close (id = AOR55MFTO7);RealizedPnL;AOR55MFTO7;Default;;CFD_US_WTINov22;2022-10-13 00:00:00.000;positions-delete-CFD_US_WTINov22-7dd51350b36143e983ac87d20aebb675
8355669;TPVHCMQ80N-update-balance;202152110;2022-10-13 07:38:23.670;80ed529c61c247c28f6419fb65c18b1f;-1.750000000000;337.880000000000;0.000000000000;Balance changed on position close (id = TPVHCMQ80N);RealizedPnL;TPVHCMQ80N;Default;;CFD_DE_MINIDAX;2022-10-13 00:00:00.000;positions-delete-CFD_DE_MINIDAX-aafad71cdbeb4893b5541acf786dbcfa
8355687;FIXDRTLIL6-update-balance;202152110;2022-10-13 07:43:07.247;80ed529c61c247c28f6419fb65c18b1f;0.010000000000;337.890000000000;0.000000000000;Balance changed on position close (id = FIXDRTLIL6);RealizedPnL;FIXDRTLIL6;Default;;CFD_US_NGNov22;2022-10-13 00:00:00.000;pump-CFD_US_NGNov22-164d44f501964f81b91226a67638124d
8355759;FSJ0J2OFUL-update-balance;202152110;2022-10-13 08:03:58.627;80ed529c61c247c28f6419fb65c18b1f;-0.650000000000;337.240000000000;0.000000000000;Balance changed on position close (id = FSJ0J2OFUL);RealizedPnL;FSJ0J2OFUL;Default;;CFD_DE_MINIDAX;2022-10-13 00:00:00.000;positions-delete-CFD_DE_MINIDAX-f333aef31c2f43a799ecfd9cb4ad80d4
8355769;9BRAKFGELC-update-balance;202152110;2022-10-13 08:09:55.493;80ed529c61c247c28f6419fb65c18b1f;0.010000000000;337.250000000000;0.000000000000;Balance changed on position close (id = 9BRAKFGELC);RealizedPnL;9BRAKFGELC;Default;;CFD_US_WTINov22;2022-10-13 00:00:00.000;pump-CFD_US_WTINov22-475109e5a430478480350de7c70f01c8
8354033;9G25VMVYZC-update-balance;202152976;2022-10-13 02:35:54.190;165dbc657366478ca94acde74c8cbaff;4.750000000000;27784.720000000000;0.000000000000;Balance changed on position close (id = 9G25VMVYZC);RealizedPnL;9G25VMVYZC;Default;;CFD_DE_DAX;2022-10-13 00:00:00.000;pump-CFD_DE_DAX-189cb35a538343d2bd4369f522a17bb4
8354034;VBEBAUTSFB-update-balance;202152976;2022-10-13 02:35:54.210;165dbc657366478ca94acde74c8cbaff;4.750000000000;27789.470000000000;0.000000000000;Balance changed on position close (id = VBEBAUTSFB);RealizedPnL;VBEBAUTSFB;Default;;CFD_DE_DAX;2022-10-13 00:00:00.000;pump-CFD_DE_DAX-189cb35a538343d2bd4369f522a17bb4
8354035;PLWWF4FJ08-update-balance;202152976;2022-10-13 02:36:01.017;165dbc657366478ca94acde74c8cbaff;3.750000000000;27793.220000000000;0.000000000000;Balance changed on position close (id = PLWWF4FJ08);RealizedPnL;PLWWF4FJ08;Default;;CFD_DE_DAX;2022-10-13 00:00:00.000;pump-CFD_DE_DAX-bb2cf6c2ce7948a59103345225c1b81e
8354036;OGJDM5RTNU-update-balance;202152976;2022-10-13 02:42:23.923;165dbc657366478ca94acde74c8cbaff;5.740000000000;27798.960000000000;0.000000000000;Balance changed on position close (id = OGJDM5RTNU);RealizedPnL;OGJDM5RTNU;Default;;CFD_DE_DAX;2022-10-13 00:00:00.000;pump-CFD_DE_DAX-4209bcc53f194aa88f785f07584a5bd1
8354039;GJO0ROSMUE-update-balance;202152976;2022-10-13 02:53:58.130;165dbc657366478ca94acde74c8cbaff;5.240000000000;27804.200000000000;0.000000000000;Balance changed on position close (id = GJO0ROSMUE);RealizedPnL;GJO0ROSMUE;Default;;CFD_DE_DAX;2022-10-13 00:00:00.000;pump-CFD_DE_DAX-4e5bd7275270450390fbf7e219854cb8
8354040;Y4Y8A9CZBD-update-balance;202152976;2022-10-13 02:54:12.963;165dbc657366478ca94acde74c8cbaff;3.250000000000;27807.450000000000;0.000000000000;Balance changed on position close (id = Y4Y8A9CZBD);RealizedPnL;Y4Y8A9CZBD;Default;;CFD_DE_DAX;2022-10-13 00:00:00.000;pump-CFD_DE_DAX-6af3669537744662a6343689dddb7db9
8355300;ZH2U048FRE-update-balance;202152976;2022-10-13 03:16:08.487;165dbc657366478ca94acde74c8cbaff;2.510000000000;27661.500000000000;0.000000000000;Balance changed on position close (id = ZH2U048FRE);RealizedPnL;ZH2U048FRE;Default;;CFD_US_INDU;2022-10-13 00:00:00.000;pump-CFD_US_INDU-6fbc15f906b843adb6a91b75b810331f
8355316;FKIS9KGFMC-update-balance;202152976;2022-10-13 05:27:02.723;165dbc657366478ca94acde74c8cbaff;7.480000000000;27668.980000000000;0.000000000000;Balance changed on position close (id = FKIS9KGFMC);RealizedPnL;FKIS9KGFMC;Default;;CFD_DE_DAX;2022-10-13 00:00:00.000;pump-CFD_DE_DAX-526f33bdf36146ccbe511a5de19c0cce
8354038;X98XACHYX3-update-balance;202162557;2022-10-13 02:51:49.700;a35ccf0503e24b02b8d39391fcdad783;-60.780000000000;1439.340000000000;0.000000000000;Balance changed on position close (id = X98XACHYX3);RealizedPnL;X98XACHYX3;Default;;CFD_US_NGNov22;2022-10-13 00:00:00.000;pump-CFD_US_NGNov22-7bc1d02faf4c41169663cdf528fbc461
8354004;1R8YUCPUOC-update-balance;202165107;2022-10-13 01:00:12.850;df0064b8f3554ac8944ae93628456984;24.710000000000;13595.820000000000;0.000000000000;Balance changed on position close (id = 1R8YUCPUOC);RealizedPnL;1R8YUCPUOC;Default;;CFD_DE_DAX;2022-10-13 00:00:00.000;pump-CFD_DE_DAX-3037a0c7ecf8427a86e6e86d8047ba9d
8355505;RHZN4SLZLE-update-balance;202165107;2022-10-13 07:08:54.870;df0064b8f3554ac8944ae93628456984;28.950000000000;13577.360000000000;0.000000000000;Balance changed on position close (id = RHZN4SLZLE);RealizedPnL;RHZN4SLZLE;Default;;CFD_DE_DAX;2022-10-13 00:00:00.000;pump-CFD_DE_DAX-732c843fb8f0448c9cf1cfb49ea32cd8
8355526;WH8VABSIQR-update-balance;202165107;2022-10-13 07:12:21.223;df0064b8f3554ac8944ae93628456984;-26.220000000000;13551.140000000000;0.000000000000;Balance changed on position close (id = WH8VABSIQR);RealizedPnL;WH8VABSIQR;Default;;CFD_DE_DAX;2022-10-13 00:00:00.000;positions-delete--712532254d78402f889d6cf53426341a
8355639;QVHV45VK2M-update-balance;202165107;2022-10-13 07:31:17.657;df0064b8f3554ac8944ae93628456984;20.970000000000;13572.110000000000;0.000000000000;Balance changed on position close (id = QVHV45VK2M);RealizedPnL;QVHV45VK2M;Default;;CFD_DE_DAX;2022-10-13 00:00:00.000;pump-CFD_DE_DAX-3c40099666914579a474d28503ce2547
8355671;N7VKK5VYY5-update-balance;202165107;2022-10-13 07:39:04.793;df0064b8f3554ac8944ae93628456984;-4.500000000000;13567.610000000000;0.000000000000;Balance changed on position close (id = N7VKK5VYY5);RealizedPnL;N7VKK5VYY5;Default;;CFD_DE_DAX;2022-10-13 00:00:00.000;positions-delete-N7VKK5VYY5-4f1285376f92459d9dad56129715b08c
8355720;2P86VYANXB-update-balance;202165107;2022-10-13 07:49:40.513;df0064b8f3554ac8944ae93628456984;24.960000000000;13592.570000000000;0.000000000000;Balance changed on position close (id = 2P86VYANXB);RealizedPnL;2P86VYANXB;Default;;CFD_DE_DAX;2022-10-13 00:00:00.000;pump-CFD_DE_DAX-4ef4ed82e1e44a76b4240c5e0eed69ac
8355758;ZGB5WY30JQ-update-balance;202165107;2022-10-13 08:03:58.613;df0064b8f3554ac8944ae93628456984;20.470000000000;13613.040000000000;0.000000000000;Balance changed on position close (id = ZGB5WY30JQ);RealizedPnL;ZGB5WY30JQ;Default;;CFD_DE_DAX;2022-10-13 00:00:00.000;positions-delete-ZGB5WY30JQ-b21712ed374a4cde9eac4bf2d58449cf
8355782;XSZCR2QBGV-update-balance;202165107;2022-10-13 08:25:25.033;df0064b8f3554ac8944ae93628456984;15.480000000000;13628.520000000000;0.000000000000;Balance changed on position close (id = XSZCR2QBGV);RealizedPnL;XSZCR2QBGV;Default;;CFD_DE_DAX;2022-10-13 00:00:00.000;pump-CFD_DE_DAX-c912669db1154b98869347a63b19db00
8355310;F2S9YRGXZ6-update-balance;202169024;2022-10-13 05:04:58.770;5d8f47b6f84243f5bf20eba100c3c9e3;-7.240000000000;753.270000000000;0.000000000000;Balance changed on position close (id = F2S9YRGXZ6);RealizedPnL;F2S9YRGXZ6;Default;;CFD_DE_MINIDAX;2022-10-13 00:00:00.000;pump-CFD_DE_MINIDAX-6491fd076ced4b5f90b28179761e2dcc
8355308;P14J8O61WX-update-balance;202174002;2022-10-13 05:01:09.443;2056582124eb4145aeb7b0110b281b8f;4.240000000000;373.120000000000;0.000000000000;Balance changed on position close (id = P14J8O61WX);RealizedPnL;P14J8O61WX;Default;;CFD_DE_MINIDAX;2022-10-13 00:00:00.000;pump-CFD_DE_MINIDAX-0b4e6198342d4978938ed3e36adabbb9
8355309;4D9BHTWV7T-update-balance;202174538;2022-10-13 05:01:48.777;06727b2078354ef0a88542d6ef8fbc50;-1.610000000000;292.690000000000;0.000000000000;Balance changed on position close (id = 4D9BHTWV7T);RealizedPnL;4D9BHTWV7T;Default;;CFD_US_MININDX;2022-10-13 00:00:00.000;pump-CFD_US_MININDX-1f27bd5116de41e988c7738691f9dd46
8355307;JD36R8GJ7K-update-balance;202179014;2022-10-13 05:00:08.103;984ab0cad8c647f3b08957624f22eb96;-2.720000000000;1261.440000000000;0.000000000000;Balance changed on position close (id = JD36R8GJ7K);RealizedPnL;JD36R8GJ7K;Default;;CFD_DE_MINIDAX;2022-10-13 00:00:00.000;pump-CFD_DE_MINIDAX-6b637f5d18f94cb9b66d1351ca63da69
8355415;ZMC9WDWBGJ-update-balance;202179014;2022-10-13 07:01:56.050;984ab0cad8c647f3b08957624f22eb96;-1.820000000000;1259.620000000000;0.000000000000;Balance changed on position close (id = ZMC9WDWBGJ);RealizedPnL;ZMC9WDWBGJ;Default;;CFD_US_MININDX;2022-10-13 00:00:00.000;pump-CFD_US_MININDX-3b0dc1113247453b9868d4e3190d6531
8354014;II8MK68TBX-update-balance;202185912;2022-10-13 01:34:14.510;1782f9f9042245a0b00253a5d0949f72;-9.090000000000;12686.030000000000;0.000000000000;Balance changed on position close (id = II8MK68TBX);RealizedPnL;II8MK68TBX;Default;;CFD_US_XAUUSDPM;2022-10-13 00:00:00.000;pump-CFD_US_XAUUSDPM-a1fd7f6243334a94bf54f9ba4d644c7b
8355430;PU6KLN2L5J-update-balance;202185912;2022-10-13 07:01:56.943;1782f9f9042245a0b00253a5d0949f72;-4.810000000000;12681.220000000000;0.000000000000;Balance changed on position close (id = PU6KLN2L5J);RealizedPnL;PU6KLN2L5J;Default;;CFD_US_SPX;2022-10-13 00:00:00.000;pump-CFD_US_SPX-718581e105bb4d7cae6227a96e742f03
8355306;G9QSV1MTYB-update-balance;202187288;2022-10-13 05:00:08.043;effb86b9b78041cbb3797478b8732df6;1.920000000000;1004.910000000000;0.000000000000;Balance changed on position close (id = G9QSV1MTYB);RealizedPnL;G9QSV1MTYB;Default;;CFD_DE_MINIDAX;2022-10-13 00:00:00.000;pump-CFD_DE_MINIDAX-6b637f5d18f94cb9b66d1351ca63da69
8355405;HF56DO25T3-update-balance;202187288;2022-10-13 07:00:26.433;effb86b9b78041cbb3797478b8732df6;3.770000000000;1008.680000000000;0.000000000000;Balance changed on position close (id = HF56DO25T3);RealizedPnL;HF56DO25T3;Default;;CFD_DE_MINIDAX;2022-10-13 00:00:00.000;positions-delete-HF56DO25T3-79c08e1f10b743b395e23ebd72fcc218
8355556;6TU93B8MFL-update-balance;202187288;2022-10-13 07:15:58.117;effb86b9b78041cbb3797478b8732df6;1.130000000000;1009.810000000000;0.000000000000;Balance changed on position close (id = 6TU93B8MFL);RealizedPnL;6TU93B8MFL;Default;;CFD_US_EURUSD;2022-10-13 00:00:00.000;positions-delete-6TU93B8MFL-314d99bec3024ede9a6b9b29b17d72ca
8354019;PO54ZKA0T3-update-balance;202187965;2022-10-13 02:13:27.673;44dc9b752c904ee6a09bfe10c3974f3b;14.730000000000;123199.440000000000;0.000000000000;Balance changed on position close (id = PO54ZKA0T3);RealizedPnL;PO54ZKA0T3;Default;;CFD_DE_DAX;2022-10-13 00:00:00.000;pump-CFD_DE_DAX-06b44565170842f69e1ed61a5e30cfdd
8354020;M30HAO7COE-update-balance;202187965;2022-10-13 02:13:27.680;44dc9b752c904ee6a09bfe10c3974f3b;14.730000000000;123214.170000000000;0.000000000000;Balance changed on position close (id = M30HAO7COE);RealizedPnL;M30HAO7COE;Default;;CFD_DE_DAX;2022-10-13 00:00:00.000;pump-CFD_DE_DAX-06b44565170842f69e1ed61a5e30cfdd
8354021;F8WRC65AUD-update-balance;202187965;2022-10-13 02:13:27.683;44dc9b752c904ee6a09bfe10c3974f3b;14.730000000000;123228.900000000000;0.000000000000;Balance changed on position close (id = F8WRC65AUD);RealizedPnL;F8WRC65AUD;Default;;CFD_DE_DAX;2022-10-13 00:00:00.000;pump-CFD_DE_DAX-06b44565170842f69e1ed61a5e30cfdd
8354022;H9UWR8PLZP-update-balance;202187965;2022-10-13 02:13:27.693;44dc9b752c904ee6a09bfe10c3974f3b;14.730000000000;123243.630000000000;0.000000000000;Balance changed on position close (id = H9UWR8PLZP);RealizedPnL;H9UWR8PLZP;Default;;CFD_DE_DAX;2022-10-13 00:00:00.000;pump-CFD_DE_DAX-06b44565170842f69e1ed61a5e30cfdd
8354023;E5TQX347LF-update-balance;202187965;2022-10-13 02:13:27.700;44dc9b752c904ee6a09bfe10c3974f3b;14.730000000000;123258.360000000000;0.000000000000;Balance changed on position close (id = E5TQX347LF);RealizedPnL;E5TQX347LF;Default;;CFD_DE_DAX;2022-10-13 00:00:00.000;pump-CFD_DE_DAX-06b44565170842f69e1ed61a5e30cfdd
8354024;5AJRRSXEA4-update-balance;202187965;2022-10-13 02:13:27.703;44dc9b752c904ee6a09bfe10c3974f3b;14.730000000000;123273.090000000000;0.000000000000;Balance changed on position close (id = 5AJRRSXEA4);RealizedPnL;5AJRRSXEA4;Default;;CFD_DE_DAX;2022-10-13 00:00:00.000;pump-CFD_DE_DAX-06b44565170842f69e1ed61a5e30cfdd
8354025;EVAT8YTVI9-update-balance;202187965;2022-10-13 02:13:27.717;44dc9b752c904ee6a09bfe10c3974f3b;14.730000000000;123287.820000000000;0.000000000000;Balance changed on position close (id = EVAT8YTVI9);RealizedPnL;EVAT8YTVI9;Default;;CFD_DE_DAX;2022-10-13 00:00:00.000;pump-CFD_DE_DAX-06b44565170842f69e1ed61a5e30cfdd
8354026;Z0CHVU55U0-update-balance;202187965;2022-10-13 02:13:27.730;44dc9b752c904ee6a09bfe10c3974f3b;14.730000000000;123302.550000000000;0.000000000000;Balance changed on position close (id = Z0CHVU55U0);RealizedPnL;Z0CHVU55U0;Default;;CFD_DE_DAX;2022-10-13 00:00:00.000;pump-CFD_DE_DAX-06b44565170842f69e1ed61a5e30cfdd
8354027;VH4OS3XXM0-update-balance;202187965;2022-10-13 02:13:27.730;44dc9b752c904ee6a09bfe10c3974f3b;14.730000000000;123317.280000000000;0.000000000000;Balance changed on position close (id = VH4OS3XXM0);RealizedPnL;VH4OS3XXM0;Default;;CFD_DE_DAX;2022-10-13 00:00:00.000;pump-CFD_DE_DAX-06b44565170842f69e1ed61a5e30cfdd
8355416;UBIBHQ8WBW-update-balance;202187965;2022-10-13 07:01:56.740;44dc9b752c904ee6a09bfe10c3974f3b;56.670000000000;121222.790000000000;0.000000000000;Balance changed on position close (id = UBIBHQ8WBW);RealizedPnL;UBIBHQ8WBW;Default;;CFD_DE_DAX;2022-10-13 00:00:00.000;pump-CFD_DE_DAX-5ffc5c3301e24438b761dc5301821ef7
8355417;OAPUHUXUGX-update-balance;202187965;2022-10-13 07:01:56.757;44dc9b752c904ee6a09bfe10c3974f3b;56.670000000000;121279.460000000000;0.000000000000;Balance changed on position close (id = OAPUHUXUGX);RealizedPnL;OAPUHUXUGX;Default;;CFD_DE_DAX;2022-10-13 00:00:00.000;pump-CFD_DE_DAX-5ffc5c3301e24438b761dc5301821ef7
8355418;WB40PCEFQT-update-balance;202187965;2022-10-13 07:01:56.780;44dc9b752c904ee6a09bfe10c3974f3b;56.670000000000;121336.130000000000;0.000000000000;Balance changed on position close (id = WB40PCEFQT);RealizedPnL;WB40PCEFQT;Default;;CFD_DE_DAX;2022-10-13 00:00:00.000;pump-CFD_DE_DAX-5ffc5c3301e24438b761dc5301821ef7
8355419;59R9HW9ZDU-update-balance;202187965;2022-10-13 07:01:56.790;44dc9b752c904ee6a09bfe10c3974f3b;56.670000000000;121392.800000000000;0.000000000000;Balance changed on position close (id = 59R9HW9ZDU);RealizedPnL;59R9HW9ZDU;Default;;CFD_DE_DAX;2022-10-13 00:00:00.000;pump-CFD_DE_DAX-5ffc5c3301e24438b761dc5301821ef7
8355421;RTMLR05HMI-update-balance;202187965;2022-10-13 07:01:56.817;44dc9b752c904ee6a09bfe10c3974f3b;57.170000000000;121449.970000000000;0.000000000000;Balance changed on position close (id = RTMLR05HMI);RealizedPnL;RTMLR05HMI;Default;;CFD_DE_DAX;2022-10-13 00:00:00.000;pump-CFD_DE_DAX-5ffc5c3301e24438b761dc5301821ef7
8355422;KBEOSOFZLU-update-balance;202187965;2022-10-13 07:01:56.820;44dc9b752c904ee6a09bfe10c3974f3b;57.170000000000;121507.140000000000;0.000000000000;Balance changed on position close (id = KBEOSOFZLU);RealizedPnL;KBEOSOFZLU;Default;;CFD_DE_DAX;2022-10-13 00:00:00.000;pump-CFD_DE_DAX-5ffc5c3301e24438b761dc5301821ef7
8355423;TUTMCX7F6Y-update-balance;202187965;2022-10-13 07:01:56.823;44dc9b752c904ee6a09bfe10c3974f3b;57.170000000000;121564.310000000000;0.000000000000;Balance changed on position close (id = TUTMCX7F6Y);RealizedPnL;TUTMCX7F6Y;Default;;CFD_DE_DAX;2022-10-13 00:00:00.000;pump-CFD_DE_DAX-5ffc5c3301e24438b761dc5301821ef7
8355424;PK6OCDMLA5-update-balance;202187965;2022-10-13 07:01:56.840;44dc9b752c904ee6a09bfe10c3974f3b;57.170000000000;121621.480000000000;0.000000000000;Balance changed on position close (id = PK6OCDMLA5);RealizedPnL;PK6OCDMLA5;Default;;CFD_DE_DAX;2022-10-13 00:00:00.000;pump-CFD_DE_DAX-5ffc5c3301e24438b761dc5301821ef7
8355425;LPTO62FOYZ-update-balance;202187965;2022-10-13 07:01:56.843;44dc9b752c904ee6a09bfe10c3974f3b;57.170000000000;121678.650000000000;0.000000000000;Balance changed on position close (id = LPTO62FOYZ);RealizedPnL;LPTO62FOYZ;Default;;CFD_DE_DAX;2022-10-13 00:00:00.000;pump-CFD_DE_DAX-5ffc5c3301e24438b761dc5301821ef7
8355426;YIYSEBUQAW-update-balance;202187965;2022-10-13 07:01:56.853;44dc9b752c904ee6a09bfe10c3974f3b;57.170000000000;121735.820000000000;0.000000000000;Balance changed on position close (id = YIYSEBUQAW);RealizedPnL;YIYSEBUQAW;Default;;CFD_DE_DAX;2022-10-13 00:00:00.000;pump-CFD_DE_DAX-5ffc5c3301e24438b761dc5301821ef7
8355427;FO23U2VVKV-update-balance;202187965;2022-10-13 07:01:56.863;44dc9b752c904ee6a09bfe10c3974f3b;57.170000000000;121792.990000000000;0.000000000000;Balance changed on position close (id = FO23U2VVKV);RealizedPnL;FO23U2VVKV;Default;;CFD_DE_DAX;2022-10-13 00:00:00.000;pump-CFD_DE_DAX-5ffc5c3301e24438b761dc5301821ef7
8355428;5AC8XIE3OO-update-balance;202187965;2022-10-13 07:01:56.883;44dc9b752c904ee6a09bfe10c3974f3b;57.170000000000;121850.160000000000;0.000000000000;Balance changed on position close (id = 5AC8XIE3OO);RealizedPnL;5AC8XIE3OO;Default;;CFD_DE_DAX;2022-10-13 00:00:00.000;pump-CFD_DE_DAX-5ffc5c3301e24438b761dc5301821ef7
8355447;G9F1XOSYZ6-update-balance;202187965;2022-10-13 07:03:29.047;44dc9b752c904ee6a09bfe10c3974f3b;62.660000000000;121912.820000000000;0.000000000000;Balance changed on position close (id = G9F1XOSYZ6);RealizedPnL;G9F1XOSYZ6;Default;;CFD_DE_DAX;2022-10-13 00:00:00.000;pump-CFD_DE_DAX-faf59072236d480d87b153161b4726dc
8355448;FDEA52MNNE-update-balance;202187965;2022-10-13 07:03:29.053;44dc9b752c904ee6a09bfe10c3974f3b;62.660000000000;121975.480000000000;0.000000000000;Balance changed on position close (id = FDEA52MNNE);RealizedPnL;FDEA52MNNE;Default;;CFD_DE_DAX;2022-10-13 00:00:00.000;pump-CFD_DE_DAX-faf59072236d480d87b153161b4726dc
8355449;222IBV9DQO-update-balance;202187965;2022-10-13 07:03:29.067;44dc9b752c904ee6a09bfe10c3974f3b;62.660000000000;122038.140000000000;0.000000000000;Balance changed on position close (id = 222IBV9DQO);RealizedPnL;222IBV9DQO;Default;;CFD_DE_DAX;2022-10-13 00:00:00.000;pump-CFD_DE_DAX-faf59072236d480d87b153161b4726dc
8355450;2UGD5C1IEO-update-balance;202187965;2022-10-13 07:03:29.073;44dc9b752c904ee6a09bfe10c3974f3b;62.660000000000;122100.800000000000;0.000000000000;Balance changed on position close (id = 2UGD5C1IEO);RealizedPnL;2UGD5C1IEO;Default;;CFD_DE_DAX;2022-10-13 00:00:00.000;pump-CFD_DE_DAX-faf59072236d480d87b153161b4726dc
8355451;R2MA5PU14N-update-balance;202187965;2022-10-13 07:03:29.087;44dc9b752c904ee6a09bfe10c3974f3b;62.660000000000;122163.460000000000;0.000000000000;Balance changed on position close (id = R2MA5PU14N);RealizedPnL;R2MA5PU14N;Default;;CFD_DE_DAX;2022-10-13 00:00:00.000;pump-CFD_DE_DAX-faf59072236d480d87b153161b4726dc
8355452;PRW297DR8T-update-balance;202187965;2022-10-13 07:03:29.097;44dc9b752c904ee6a09bfe10c3974f3b;62.660000000000;122226.120000000000;0.000000000000;Balance changed on position close (id = PRW297DR8T);RealizedPnL;PRW297DR8T;Default;;CFD_DE_DAX;2022-10-13 00:00:00.000;pump-CFD_DE_DAX-faf59072236d480d87b153161b4726dc
8355453;XRU0B0ISJO-update-balance;202187965;2022-10-13 07:03:29.117;44dc9b752c904ee6a09bfe10c3974f3b;62.660000000000;122288.780000000000;0.000000000000;Balance changed on position close (id = XRU0B0ISJO);RealizedPnL;XRU0B0ISJO;Default;;CFD_DE_DAX;2022-10-13 00:00:00.000;pump-CFD_DE_DAX-faf59072236d480d87b153161b4726dc
8355454;ZEL2KHGDIS-update-balance;202187965;2022-10-13 07:03:29.117;44dc9b752c904ee6a09bfe10c3974f3b;62.660000000000;122351.440000000000;0.000000000000;Balance changed on position close (id = ZEL2KHGDIS);RealizedPnL;ZEL2KHGDIS;Default;;CFD_DE_DAX;2022-10-13 00:00:00.000;pump-CFD_DE_DAX-faf59072236d480d87b153161b4726dc
8355455;DV6QMPQ9EY-update-balance;202187965;2022-10-13 07:03:29.127;44dc9b752c904ee6a09bfe10c3974f3b;62.660000000000;122414.100000000000;0.000000000000;Balance changed on position close (id = DV6QMPQ9EY);RealizedPnL;DV6QMPQ9EY;Default;;CFD_DE_DAX;2022-10-13 00:00:00.000;pump-CFD_DE_DAX-faf59072236d480d87b153161b4726dc
8355456;SJ75PJ6MVJ-update-balance;202187965;2022-10-13 07:03:29.140;44dc9b752c904ee6a09bfe10c3974f3b;62.660000000000;122476.760000000000;0.000000000000;Balance changed on position close (id = SJ75PJ6MVJ);RealizedPnL;SJ75PJ6MVJ;Default;;CFD_DE_DAX;2022-10-13 00:00:00.000;pump-CFD_DE_DAX-faf59072236d480d87b153161b4726dc
8355457;12AMNVF8G2-update-balance;202187965;2022-10-13 07:03:29.180;44dc9b752c904ee6a09bfe10c3974f3b;62.660000000000;122539.420000000000;0.000000000000;Balance changed on position close (id = 12AMNVF8G2);RealizedPnL;12AMNVF8G2;Default;;CFD_DE_DAX;2022-10-13 00:00:00.000;pump-CFD_DE_DAX-faf59072236d480d87b153161b4726dc
8355458;8S5X0EVMHF-update-balance;202187965;2022-10-13 07:03:29.183;44dc9b752c904ee6a09bfe10c3974f3b;62.660000000000;122602.080000000000;0.000000000000;Balance changed on position close (id = 8S5X0EVMHF);RealizedPnL;8S5X0EVMHF;Default;;CFD_DE_DAX;2022-10-13 00:00:00.000;pump-CFD_DE_DAX-faf59072236d480d87b153161b4726dc
8355724;JFQPK0PJ1J-update-balance;202187965;2022-10-13 07:50:59.257;44dc9b752c904ee6a09bfe10c3974f3b;3.990000000000;122606.070000000000;0.000000000000;Balance changed on position close (id = JFQPK0PJ1J);RealizedPnL;JFQPK0PJ1J;Default;;CFD_DE_DAX;2022-10-13 00:00:00.000;pump-CFD_DE_DAX-f2722f737e1e43d4a90712c6e7718dca
8355726;0FLGFHSQKL-update-balance;202187965;2022-10-13 07:52:23.107;44dc9b752c904ee6a09bfe10c3974f3b;15.970000000000;122622.040000000000;0.000000000000;Balance changed on position close (id = 0FLGFHSQKL);RealizedPnL;0FLGFHSQKL;Default;;CFD_DE_DAX;2022-10-13 00:00:00.000;positions-delete-0FLGFHSQKL-4132c304dc764f039c24e15502df6246
8355727;XUECSWBG2X-update-balance;202187965;2022-10-13 07:52:26.253;44dc9b752c904ee6a09bfe10c3974f3b;13.980000000000;122636.020000000000;0.000000000000;Balance changed on position close (id = XUECSWBG2X);RealizedPnL;XUECSWBG2X;Default;;CFD_DE_DAX;2022-10-13 00:00:00.000;positions-delete-XUECSWBG2X-af30c8c073b440b78f878b05442548c7
8355728;EVFPCDOEMT-update-balance;202187965;2022-10-13 07:52:29.207;44dc9b752c904ee6a09bfe10c3974f3b;13.480000000000;122649.500000000000;0.000000000000;Balance changed on position close (id = EVFPCDOEMT);RealizedPnL;EVFPCDOEMT;Default;;CFD_DE_DAX;2022-10-13 00:00:00.000;positions-delete-EVFPCDOEMT-5055fc74eace43be8e9dad3b17e20412
8355729;RZZ5WCA1SY-update-balance;202187965;2022-10-13 07:52:33.197;44dc9b752c904ee6a09bfe10c3974f3b;15.970000000000;122665.470000000000;0.000000000000;Balance changed on position close (id = RZZ5WCA1SY);RealizedPnL;RZZ5WCA1SY;Default;;CFD_DE_DAX;2022-10-13 00:00:00.000;positions-delete-RZZ5WCA1SY-073523bf7edc49b899894cda6880c50c
8355730;99STM88AQL-update-balance;202187965;2022-10-13 07:52:36.523;44dc9b752c904ee6a09bfe10c3974f3b;11.980000000000;122677.450000000000;0.000000000000;Balance changed on position close (id = 99STM88AQL);RealizedPnL;99STM88AQL;Default;;CFD_DE_DAX;2022-10-13 00:00:00.000;positions-delete-99STM88AQL-0f5e860c8a7e4b169080cfcae5baf0a8
8355731;0I34ZNWUTX-update-balance;202187965;2022-10-13 07:52:39.247;44dc9b752c904ee6a09bfe10c3974f3b;6.490000000000;122683.940000000000;0.000000000000;Balance changed on position close (id = 0I34ZNWUTX);RealizedPnL;0I34ZNWUTX;Default;;CFD_DE_DAX;2022-10-13 00:00:00.000;positions-delete-0I34ZNWUTX-c2b4984aca584961a1a6fa73d8fcfd2f
8355732;ICQG5IFJ2K-update-balance;202187965;2022-10-13 07:52:42.733;44dc9b752c904ee6a09bfe10c3974f3b;7.490000000000;122691.430000000000;0.000000000000;Balance changed on position close (id = ICQG5IFJ2K);RealizedPnL;ICQG5IFJ2K;Default;;CFD_DE_DAX;2022-10-13 00:00:00.000;positions-delete-ICQG5IFJ2K-27f6d13587034e2892e7de769b0e3d4e
8355733;31NJQ19ZQD-update-balance;202187965;2022-10-13 07:52:45.757;44dc9b752c904ee6a09bfe10c3974f3b;6.990000000000;122698.420000000000;0.000000000000;Balance changed on position close (id = 31NJQ19ZQD);RealizedPnL;31NJQ19ZQD;Default;;CFD_DE_DAX;2022-10-13 00:00:00.000;positions-delete-31NJQ19ZQD-219b3e7db71c481c9b434a9d820190c0
8355734;SCA4OEJTKS-update-balance;202187965;2022-10-13 07:52:48.567;44dc9b752c904ee6a09bfe10c3974f3b;5.990000000000;122704.410000000000;0.000000000000;Balance changed on position close (id = SCA4OEJTKS);RealizedPnL;SCA4OEJTKS;Default;;CFD_DE_DAX;2022-10-13 00:00:00.000;positions-delete-SCA4OEJTKS-4401c6ad02c74243af9bcfe6591f598a
8354028;268DJ3N0FJ-update-balance;202194226;2022-10-13 02:13:31.657;f875e355ed914f959cbfa6e2e52723d4;-2.070000000000;541.280000000000;0.000000000000;Balance changed on position close (id = 268DJ3N0FJ);RealizedPnL;268DJ3N0FJ;Default;;CFD_DE_MINIDAX;2022-10-13 00:00:00.000;pump-CFD_DE_MINIDAX-53d02511ed144196ad226930df95de50
8354030;TR4CGXPLRF-update-balance;202194226;2022-10-13 02:15:40.167;f875e355ed914f959cbfa6e2e52723d4;-2.170000000000;539.110000000000;0.000000000000;Balance changed on position close (id = TR4CGXPLRF);RealizedPnL;TR4CGXPLRF;Default;;CFD_DE_MINIDAX;2022-10-13 00:00:00.000;pump-CFD_DE_MINIDAX-90e77bab1a4f4ce0bc0ddfce58261b2b
8354031;YJN2YA2V47-update-balance;202194226;2022-10-13 02:15:41.127;f875e355ed914f959cbfa6e2e52723d4;-2.170000000000;536.940000000000;0.000000000000;Balance changed on position close (id = YJN2YA2V47);RealizedPnL;YJN2YA2V47;Default;;CFD_DE_MINIDAX;2022-10-13 00:00:00.000;pump-CFD_DE_MINIDAX-90e77bab1a4f4ce0bc0ddfce58261b2b
8354029;190OZVDJ0M-update-balance;202198019;2022-10-13 02:15:35.343;d398f673a1254145ba90bb0eb99f15af;0.890000000000;6582.450000000000;0.000000000000;Balance changed on position close (id = 190OZVDJ0M);RealizedPnL;190OZVDJ0M;Default;;CFD_EU_STOXX50E;2022-10-13 00:00:00.000;pump-CFD_EU_STOXX50E-58df4d36bbdb4484a5c70725aac72618
8355407;WOPN906KF4-update-balance;202198019;2022-10-13 07:01:23.110;d398f673a1254145ba90bb0eb99f15af;8.880000000000;6562.210000000000;0.000000000000;Balance changed on position close (id = WOPN906KF4);RealizedPnL;WOPN906KF4;Default;;CFD_EU_STOXX50E;2022-10-13 00:00:00.000;positions-delete-WOPN906KF4-f40be96e34704c8f82732269c3491ece
8355471;IDD8M5RZGU-update-balance;202198019;2022-10-13 07:04:22.880;d398f673a1254145ba90bb0eb99f15af;11.880000000000;6574.090000000000;0.000000000000;Balance changed on position close (id = IDD8M5RZGU);RealizedPnL;IDD8M5RZGU;Default;;CFD_EU_STOXX50E;2022-10-13 00:00:00.000;pump-CFD_EU_STOXX50E-4ec85b1c5f694bc18c02e36dae42c8dd
8355589;XL0WB6AMMD-update-balance;202198019;2022-10-13 07:20:32.723;d398f673a1254145ba90bb0eb99f15af;20.460000000000;6594.550000000000;0.000000000000;Balance changed on position close (id = XL0WB6AMMD);RealizedPnL;XL0WB6AMMD;Default;;CFD_DE_DAX;2022-10-13 00:00:00.000;pump-CFD_DE_DAX-b9f5a047f3b9461e90a926af38dfec0c
8354015;ASQI3KNVR5-update-balance;202203911;2022-10-13 02:04:11.923;c50f7b032dd143dc996b0a770ad302d8;0.020000000000;462.290000000000;0.000000000000;Balance changed on position close (id = ASQI3KNVR5);RealizedPnL;ASQI3KNVR5;Default;;CFD_DE_MINIDAX;2022-10-13 00:00:00.000;pump-CFD_DE_MINIDAX-785bc76b3eda4a24a91b199ecf180aeb
8355459;07934UJK12-update-balance;202203911;2022-10-13 07:03:31.183;c50f7b032dd143dc996b0a770ad302d8;24.880000000000;469.580000000000;0.000000000000;Balance changed on position close (id = 07934UJK12);RealizedPnL;07934UJK12;Default;;CFD_DE_MINIDAX;2022-10-13 00:00:00.000;pump-CFD_DE_MINIDAX-6060824545d342e7a9716388c59f3b9b
8355688;E4XPR23E7J-update-balance;202203911;2022-10-13 07:43:26.660;c50f7b032dd143dc996b0a770ad302d8;4.590000000000;474.170000000000;0.000000000000;Balance changed on position close (id = E4XPR23E7J);RealizedPnL;E4XPR23E7J;Default;;CFD_DE_MINIDAX;2022-10-13 00:00:00.000;positions-delete-E4XPR23E7J-c4c929d977b1409dbfcf71abafb81eaf
8355841;31PNQG3AJC-update-balance;202203911;2022-10-13 08:43:33.103;c50f7b032dd143dc996b0a770ad302d8;4.100000000000;478.270000000000;0.000000000000;Balance changed on position close (id = 31PNQG3AJC);RealizedPnL;31PNQG3AJC;Default;;CFD_DE_MINIDAX;2022-10-13 00:00:00.000;positions-delete-31PNQG3AJC-d531d6ae128f44af949d75e67353724c
8355315;Q9QI89WORX-update-balance;202214560;2022-10-13 05:12:04.957;c28bba149a61428293339aea2120fd63;-46.390000000000;1563.240000000000;0.000000000000;Balance changed on position close (id = Q9QI89WORX);RealizedPnL;Q9QI89WORX;Default;;CFD_US_NGNov22;2022-10-13 00:00:00.000;positions-delete-Q9QI89WORX-ab1bbfaf08bd4b46b883444117717b81
